0,1,61.51564343,66.70123176,0.41637032,9.646327756,6.191433889,1
30,1,66.70123176,0.41637032,9.646327756,6.191433889,0.514330594,1
60,1,0.41637032,9.646327756,6.191433889,0.514330594,0.308704304,1
90,1,9.646327756,6.191433889,0.514330594,0.308704304,8.533295254,1
120,1,6.191433889,0.514330594,0.308704304,8.533295254,7.488516178,1
150,1,0.514330594,0.308704304,8.533295254,7.488516178,0.384351047,1
180,1,0.308704304,8.533295254,7.488516178,0.384351047,1.367003243,1
210,1,8.533295254,7.488516178,0.384351047,1.367003243,0.401758734,1
240,1,7.488516178,0.384351047,1.367003243,0.401758734,0.257559147,1
270,1,0.384351047,1.367003243,0.401758734,0.257559147,0.694699845,1
300,1,1.367003243,0.401758734,0.257559147,0.694699845,0.285197708,1
330,1,0.401758734,0.257559147,0.694699845,0.285197708,12.13767228,1
360,1,0.257559147,0.694699845,0.285197708,12.13767228,0.381550339,1
390,1,0.694699845,0.285197708,12.13767228,0.381550339,0.321699034,1
420,1,0.285197708,12.13767228,0.381550339,0.321699034,0.588102521,1
450,1,12.13767228,0.381550339,0.321699034,0.588102521,0.266034972,1
480,1,0.381550339,0.321699034,0.588102521,0.266034972,0.302715949,1
510,1,0.321699034,0.588102521,0.266034972,0.302715949,0.286220335,1
540,1,0.588102521,0.266034972,0.302715949,0.286220335,4.65555443,1
570,1,0.266034972,0.302715949,0.286220335,4.65555443,1.12851931,1
600,1,0.302715949,0.286220335,4.65555443,1.12851931,0.277564858,0
630,1,0.286220335,4.65555443,1.12851931,0.277564858,0.276468529,0
660,1,4.65555443,1.12851931,0.277564858,0.276468529,0.322468308,0
690,1,1.12851931,0.277564858,0.276468529,0.322468308,0.278886903,0
720,1,0.277564858,0.276468529,0.322468308,0.278886903,0.278301887,0
750,0,0.276468529,0.322468308,0.278886903,0.278301887,0.269019937,0
780,0,0.322468308,0.278886903,0.278301887,0.269019937,5.446938569,0
810,0,0.278886903,0.278301887,0.269019937,5.446938569,0.293240529,0
840,0,0.278301887,0.269019937,5.446938569,0.293240529,0.291508513,0
870,0,0.269019937,5.446938569,0.293240529,0.291508513,0.312854695,0
900,0,5.446938569,0.293240529,0.291508513,0.312854695,0.306391878,0
930,0,0.293240529,0.291508513,0.312854695,0.306391878,0.2908544,0
960,0,0.291508513,0.312854695,0.306391878,0.2908544,0.29617943,0
990,0,0.312854695,0.306391878,0.2908544,0.29617943,0.312702683,0
1020,0,0.306391878,0.2908544,0.29617943,0.312702683,0.285400391,0
1050,0,0.2908544,0.29617943,0.312702683,0.285400391,0.297533719,0
1080,0,0.29617943,0.312702683,0.285400391,0.297533719,0.293507702,0
1110,0,0.312702683,0.285400391,0.297533719,0.293507702,0.61429927,0
1140,0,0.285400391,0.297533719,0.293507702,0.61429927,0.622982385,0
1170,0,0.297533719,0.293507702,0.61429927,0.622982385,0.588208468,0
1200,0,0.293507702,0.61429927,0.622982385,0.588208468,0.553300966,0
1230,0,0.61429927,0.622982385,0.588208468,0.553300966,0.26614092,0
1260,0,0.622982385,0.588208468,0.553300966,0.26614092,4.439434699,0
1290,0,0.588208468,0.553300966,0.26614092,4.439434699,0.331165242,0
1320,0,0.553300966,0.26614092,4.439434699,0.331165242,0.568152086,0
1350,0,0.26614092,4.439434699,0.331165242,0.568152086,0.635226268,0
1380,0,4.439434699,0.331165242,0.568152086,0.635226268,0.277633955,0
1410,0,0.331165242,0.568152086,0.635226268,0.277633955,0.277979437,0
1440,0,0.568152086,0.635226268,0.277633955,0.277979437,0.312440116,0
1470,0,0.635226268,0.277633955,0.277979437,0.312440116,0.290900464,0
1500,0,0.277633955,0.277979437,0.312440116,0.290900464,0.279642357,0
1530,0,0.277979437,0.312440116,0.290900464,0.279642357,0.270208395,0
1560,0,0.312440116,0.290900464,0.279642357,0.270208395,0.289472472,0
1590,0,0.290900464,0.279642357,0.270208395,0.289472472,0.286013045,0
1620,0,0.279642357,0.270208395,0.289472472,0.286013045,0.27842626,0
1650,0,0.270208395,0.289472472,0.286013045,0.27842626,0.305272516,0
1680,0,0.289472472,0.286013045,0.27842626,0.305272516,0.305535083,0
1710,0,0.286013045,0.27842626,0.305272516,0.305535083,0.577272811,0
1740,0,0.27842626,0.305272516,0.305535083,0.577272811,0.271304724,0
1770,0,0.305272516,0.305535083,0.577272811,0.271304724,0.284819981,0
1800,0,0.305535083,0.577272811,0.271304724,0.284819981,0.277306899,0
1830,0,0.577272811,0.271304724,0.284819981,0.277306899,0.279822008,0
1860,0,0.271304724,0.284819981,0.277306899,0.279822008,0.301974315,0
1890,0,0.284819981,0.277306899,0.279822008,0.301974315,0.56166163,0
1920,0,0.277306899,0.279822008,0.301974315,0.56166163,0.311859707,0
1950,0,0.279822008,0.301974315,0.56166163,0.311859707,0.911892873,0
1980,0,0.301974315,0.56166163,0.311859707,0.911892873,0.276864682,0
2010,0,0.56166163,0.311859707,0.911892873,0.276864682,0.276427071,0
2040,0,0.311859707,0.911892873,0.276864682,0.276427071,0.271433704,0
2070,0,0.911892873,0.276864682,0.276427071,0.271433704,0.298275354,0
2100,0,0.276864682,0.276427071,0.271433704,0.298275354,0.275957216,0
2130,0,0.276427071,0.271433704,0.298275354,0.275957216,0.277196344,0
2160,0,0.271433704,0.298275354,0.275957216,0.277196344,0.315982459,0
2190,0,0.298275354,0.275957216,0.277196344,0.315982459,0.28969358,0
2220,0,0.275957216,0.277196344,0.315982459,0.28969358,0.28036096,0
2250,0,0.277196344,0.315982459,0.28969358,0.28036096,0.271143499,0
2280,0,0.315982459,0.28969358,0.28036096,0.271143499,0.28591631,0
2310,0,0.28969358,0.28036096,0.271143499,0.28591631,0.282521374,0
2340,0,0.28036096,0.271143499,0.28591631,0.282521374,0.286271005,0
2370,0,0.271143499,0.28591631,0.282521374,0.286271005,0.293595224,0
2400,0,0.28591631,0.282521374,0.286271005,0.293595224,0.299274948,0
2430,0,0.282521374,0.286271005,0.293595224,0.299274948,0.574555019,0
2460,0,0.286271005,0.293595224,0.299274948,0.574555019,0.587434589,0
2490,0,0.293595224,0.299274948,0.574555019,0.587434589,0.589903634,0
2520,0,0.299274948,0.574555019,0.587434589,0.589903634,0.282544406,0
2550,0,0.574555019,0.587434589,0.589903634,0.282544406,0.539661335,0
2580,0,0.587434589,0.589903634,0.282544406,0.539661335,0.271498194,0
2610,0,0.589903634,0.282544406,0.539661335,0.271498194,0.293977557,0
2640,0,0.282544406,0.539661335,0.271498194,0.293977557,0.287883255,0
2670,0,0.539661335,0.271498194,0.293977557,0.287883255,0.909515957,0
2700,0,0.271498194,0.293977557,0.287883255,0.909515957,0.277348356,0
2730,0,0.293977557,0.287883255,0.909515957,0.277348356,0.274243625,0
2760,0,0.287883255,0.909515957,0.277348356,0.274243625,0.271134287,0
2790,0,0.909515957,0.277348356,0.274243625,0.271134287,0.293323445,0
2820,0,0.277348356,0.274243625,0.271134287,0.293323445,0.275975641,0
2850,0,0.274243625,0.271134287,0.293323445,0.275975641,0.27459832,0
2880,0,0.271134287,0.293323445,0.275975641,0.27459832,0.322703236,0
2910,0,0.293323445,0.275975641,0.27459832,0.322703236,0.286667158,0
2940,0,0.275975641,0.27459832,0.322703236,0.286667158,0.285174676,0
2970,0,0.27459832,0.322703236,0.286667158,0.285174676,0.303139741,0
3000,0,0.322703236,0.286667158,0.285174676,0.303139741,0.292895047,0
3030,0,0.286667158,0.285174676,0.303139741,0.292895047,0.280743293,0
3060,0,0.285174676,0.303139741,0.292895047,0.280743293,0.270710495,0
3090,0,0.303139741,0.292895047,0.280743293,0.270710495,0.28420272,0
3120,0,0.292895047,0.280743293,0.270710495,0.28420272,0.289601452,0
3150,0,0.280743293,0.270710495,0.28420272,0.289601452,0.573232975,0
3180,0,0.270710495,0.28420272,0.289601452,0.573232975,0.588176223,0
3210,0,0.28420272,0.289601452,0.573232975,0.588176223,0.587991966,0
3240,0,0.289601452,0.573232975,0.588176223,0.587991966,0.280079968,0
3270,0,0.573232975,0.588176223,0.587991966,0.280079968,0.269181162,0
3300,0,0.588176223,0.587991966,0.280079968,0.269181162,0.547354068,0
3330,0,0.587991966,0.280079968,0.269181162,0.547354068,0.283226157,0
3360,0,0.280079968,0.269181162,0.547354068,0.283226157,0.585628869,0
3390,0,0.269181162,0.547354068,0.283226157,0.585628869,0.644112065,0
3420,0,0.547354068,0.283226157,0.585628869,0.644112065,0.279849646,0
3450,0,0.283226157,0.585628869,0.644112065,0.279849646,6.552167784,0
3480,0,0.585628869,0.644112065,0.279849646,6.552167784,3.921055056,0
3510,0,0.644112065,0.279849646,6.552167784,3.921055056,0.920728,0
3540,0,0.279849646,6.552167784,3.921055056,0.920728,0.317737507,0
3570,0,6.552167784,3.921055056,0.920728,0.317737507,0.267716318,0
3600,0,3.921055056,0.920728,0.317737507,0.267716318,0.315033535,0
3630,0,0.920728,0.317737507,0.267716318,0.315033535,0.280001658,0
3660,0,0.317737507,0.267716318,0.315033535,0.280001658,0.284557415,0
3690,0,0.267716318,0.315033535,0.280001658,0.284557415,0.580202499,0
3720,0,0.315033535,0.280001658,0.284557415,0.580202499,0.293682746,0
3750,0,0.280001658,0.284557415,0.580202499,0.293682746,0.283005049,0
3780,0,0.284557415,0.580202499,0.293682746,0.283005049,0.269480579,0
3810,0,0.580202499,0.293682746,0.283005049,0.269480579,0.286436837,0
3840,0,0.293682746,0.283005049,0.269480579,0.286436837,0.576508144,0
3870,0,0.283005049,0.269480579,0.286436837,0.576508144,0.27671267,0
3900,0,0.269480579,0.286436837,0.576508144,0.27671267,0.58908369,0
3930,0,0.286436837,0.576508144,0.27671267,0.58908369,0.851709906,0
3960,0,0.576508144,0.27671267,0.58908369,0.851709906,0.277661593,0
3990,0,0.27671267,0.58908369,0.851709906,0.277661593,0.848314969,0
4020,0,0.58908369,0.851709906,0.277661593,0.848314969,0.840700545,0
4050,0,0.851709906,0.277661593,0.848314969,0.840700545,0.569349757,0
4080,0,0.277661593,0.848314969,0.840700545,0.569349757,0.26607643,0
4110,0,0.848314969,0.840700545,0.569349757,0.26607643,0.630933078,0
4140,0,0.840700545,0.569349757,0.26607643,0.630933078,0.268679061,0
4170,0,0.569349757,0.26607643,0.630933078,0.268679061,0.2722905,0
4200,0,0.26607643,0.630933078,0.268679061,0.2722905,0.322569649,0
4230,0,0.630933078,0.268679061,0.2722905,0.322569649,0.279978626,0
4260,0,0.268679061,0.2722905,0.322569649,0.279978626,0.271502801,0
4290,0,0.2722905,0.322569649,0.279978626,0.271502801,0.267863723,0
4320,0,0.322569649,0.279978626,0.271502801,0.267863723,0.285151644,0
4350,0,0.279978626,0.271502801,0.267863723,0.285151644,0.282046912,0
4380,0,0.271502801,0.267863723,0.285151644,0.282046912,0.27459832,0
4410,0,0.267863723,0.285151644,0.282046912,0.27459832,0.296727594,0
4440,0,0.285151644,0.282046912,0.27459832,0.296727594,0.288445239,0
4470,0,0.282046912,0.27459832,0.296727594,0.288445239,0.277127248,0
4500,0,0.27459832,0.296727594,0.288445239,0.277127248,0.291379533,0
4530,0,0.296727594,0.288445239,0.277127248,0.291379533,0.297460016,0
4560,0,0.288445239,0.277127248,0.291379533,0.297460016,0.280840028,0
4590,0,0.277127248,0.291379533,0.297460016,0.280840028,0.560606759,0
4620,0,0.291379533,0.297460016,0.280840028,0.560606759,0.275819023,0
4650,0,0.297460016,0.280840028,0.560606759,0.275819023,0.295833948,0
4680,0,0.280840028,0.560606759,0.275819023,0.295833948,0.274050155,0
4710,0,0.560606759,0.275819023,0.295833948,0.274050155,3.646548865,0
4740,0,0.275819023,0.295833948,0.274050155,3.646548865,0.710264962,0
4770,0,0.295833948,0.274050155,3.646548865,0.710264962,0.57063495,0
4800,0,0.274050155,3.646548865,0.710264962,0.57063495,0.263602779,1
4830,0,3.646548865,0.710264962,0.57063495,0.263602779,14.40913823,1
4860,0,0.710264962,0.57063495,0.263602779,14.40913823,0.34329857,1
4890,0,0.57063495,0.263602779,14.40913823,0.34329857,0.259489239,1
4920,0,0.263602779,14.40913823,0.34329857,0.259489239,0.294797501,1
4950,1,14.40913823,0.34329857,0.259489239,0.294797501,0.262713738,1
4980,1,0.34329857,0.259489239,0.294797501,0.262713738,0.257803287,1
5010,1,0.259489239,0.294797501,0.262713738,0.257803287,0.281084169,1
5040,1,0.294797501,0.262713738,0.257803287,0.281084169,0.265039984,1
5070,1,0.262713738,0.257803287,0.281084169,0.265039984,0.258664689,1
5100,1,0.257803287,0.281084169,0.265039984,0.258664689,0.248677955,1
5130,1,0.281084169,0.265039984,0.258664689,0.248677955,0.259208247,1
5160,1,0.265039984,0.258664689,0.248677955,0.259208247,0.260746794,1
5190,1,0.258664689,0.248677955,0.259208247,0.260746794,0.255274359,1
5220,1,0.248677955,0.259208247,0.260746794,0.255274359,0.273640183,1
5250,1,0.259208247,0.260746794,0.255274359,0.273640183,1.982619951,1
5280,1,0.260746794,0.255274359,0.273640183,1.982619951,12.33465691,1
5310,1,0.255274359,0.273640183,1.982619951,12.33465691,0.255771853,1
5340,1,0.273640183,1.982619951,12.33465691,0.255771853,0.48750737,1
5370,1,1.982619951,12.33465691,0.255771853,0.48750737,0.627192659,1
5400,1,12.33465691,0.255771853,0.48750737,0.627192659,0.290674749,1
5430,1,0.255771853,0.48750737,0.627192659,0.290674749,0.594021779,1
5460,1,0.48750737,0.627192659,0.290674749,0.594021779,0.587895231,1
5490,1,0.627192659,0.290674749,0.594021779,0.587895231,12.39971348,1
5520,1,0.290674749,0.594021779,0.587895231,12.39971348,0.889017357,1
5550,1,0.594021779,0.587895231,12.39971348,0.889017357,0.266233048,1
5580,1,0.587895231,12.39971348,0.889017357,0.266233048,0.260069649,1
5610,1,12.39971348,0.889017357,0.266233048,0.260069649,0.250018426,1
5640,1,0.889017357,0.266233048,0.260069649,0.250018426,0.280471514,1
5670,1,0.266233048,0.260069649,0.250018426,0.280471514,2.573606095,1
5700,1,0.260069649,0.250018426,0.280471514,2.573606095,0.263948261,1
5730,1,0.250018426,0.280471514,2.573606095,0.263948261,0.304061026,1
5760,1,0.280471514,2.573606095,0.263948261,0.304061026,3.544088112,1
5790,1,2.573606095,0.263948261,0.304061026,3.544088112,0.278891509,1
5820,1,0.263948261,0.304061026,3.544088112,0.278891509,0.251561579,1
5850,1,0.304061026,3.544088112,0.278891509,0.251561579,0.278582879,1
5880,1,3.544088112,0.278891509,0.251561579,0.278582879,0.264588554,1
5910,1,0.278891509,0.251561579,0.278582879,0.264588554,0.261235075,1
5940,1,0.251561579,0.278582879,0.264588554,0.261235075,0.287118588,1
5970,1,0.278582879,0.264588554,0.261235075,0.287118588,0.275114239,1
6000,1,0.264588554,0.261235075,0.287118588,0.275114239,0.563154113,1
6030,1,0.261235075,0.287118588,0.275114239,0.563154113,0.570294074,1
6060,1,0.287118588,0.275114239,0.563154113,0.570294074,0.565669222,1
6090,1,0.275114239,0.563154113,0.570294074,0.565669222,0.260705336,1
6120,1,0.563154113,0.570294074,0.565669222,0.260705336,0.25019347,1
6150,1,0.570294074,0.565669222,0.260705336,0.25019347,4.926495246,1
6180,1,0.565669222,0.260705336,0.25019347,4.926495246,6.121881449,1
6210,1,0.260705336,0.25019347,4.926495246,6.121881449,11.5013589,1
6240,1,0.25019347,4.926495246,6.121881449,11.5013589,0.638611991,1
6270,1,4.926495246,6.121881449,11.5013589,0.638611991,0.269499005,1
6300,1,6.121881449,11.5013589,0.638611991,0.269499005,0.260737581,1
6330,1,11.5013589,0.638611991,0.269499005,0.260737581,0.290559589,1
6360,1,0.638611991,0.269499005,0.260737581,0.290559589,0.270093234,1
6390,1,0.269499005,0.260737581,0.290559589,0.270093234,0.263155955,1
6420,1,0.260737581,0.290559589,0.270093234,0.263155955,0.287353516,1
6450,1,0.290559589,0.270093234,0.263155955,0.287353516,0.269959648,1
6480,1,0.270093234,0.263155955,0.287353516,0.269959648,2.591921249,1
6510,1,0.263155955,0.287353516,0.269959648,2.591921249,4.242362544,0
6540,1,0.287353516,0.269959648,2.591921249,4.242362544,0.278324919,0
6570,1,0.269959648,2.591921249,4.242362544,0.278324919,0.314056972,0
6600,1,2.591921249,4.242362544,0.278324919,0.314056972,0.251948519,0
6630,1,4.242362544,0.278324919,0.314056972,0.251948519,0.26485112,0
6660,0,0.278324919,0.314056972,0.251948519,0.26485112,0.563923386,0
6690,0,0.314056972,0.251948519,0.26485112,0.563923386,0.262160967,0
6720,0,0.251948519,0.26485112,0.563923386,0.262160967,0.567958616,0
6750,0,0.26485112,0.563923386,0.262160967,0.567958616,0.566507591,0
6780,0,0.563923386,0.262160967,0.567958616,0.566507591,0.536533572,0
6810,0,0.262160967,0.567958616,0.566507591,0.536533572,0.835532134,0
6840,0,0.567958616,0.566507591,0.536533572,0.835532134,0.829976784,0
6870,0,0.566507591,0.536533572,0.835532134,0.829976784,0.556788031,0
6900,0,0.536533572,0.835532134,0.829976784,0.556788031,0.612594892,0
6930,0,0.835532134,0.829976784,0.556788031,0.612594892,0.257342644,0
6960,0,0.829976784,0.556788031,0.612594892,0.257342644,0.253694354,0
6990,0,0.556788031,0.612594892,0.257342644,0.253694354,0.293945313,0
7020,0,0.612594892,0.257342644,0.253694354,0.293945313,0.261571344,0
7050,0,0.257342644,0.253694354,0.293945313,0.261571344,0.25723209,0
7080,0,0.253694354,0.293945313,0.261571344,0.25723209,0.252183446,0
7110,0,0.293945313,0.261571344,0.25723209,0.252183446,0.266573924,0
7140,0,0.261571344,0.25723209,0.252183446,0.266573924,0.25672999,0
7170,0,0.25723209,0.252183446,0.266573924,0.25672999,0.256195644,0
7200,0,0.252183446,0.266573924,0.25672999,0.256195644,0.278665795,0
7230,0,0.266573924,0.25672999,0.256195644,0.278665795,0.271272479,0
7260,0,0.25672999,0.256195644,0.278665795,0.271272479,0.262511055,0
7290,0,0.256195644,0.278665795,0.271272479,0.262511055,0.272202978,0
7320,0,0.278665795,0.271272479,0.262511055,0.272202978,0.275694649,0
7350,0,0.271272479,0.262511055,0.272202978,0.275694649,0.55635042,0
7380,0,0.262511055,0.272202978,0.275694649,0.55635042,0.251907061,0
7410,0,0.272202978,0.275694649,0.55635042,0.251907061,0.545976747,0
7440,0,0.275694649,0.55635042,0.251907061,0.545976747,0.552384287,0
7470,0,0.55635042,0.251907061,0.545976747,0.552384287,0.530503759,0
7500,0,0.251907061,0.545976747,0.552384287,0.530503759,0.545345666,0
7530,0,0.545976747,0.552384287,0.530503759,0.545345666,0.539873231,0
7560,0,0.552384287,0.530503759,0.545345666,0.539873231,0.563481169,0
7590,0,0.530503759,0.545345666,0.539873231,0.563481169,0.530531397,0
7620,0,0.545345666,0.539873231,0.563481169,0.530531397,0.870729842,0
7650,0,0.539873231,0.563481169,0.530531397,0.870729842,0.255076282,0
7680,0,0.563481169,0.530531397,0.870729842,0.255076282,0.2571676,0
7710,0,0.530531397,0.870729842,0.255076282,0.2571676,0.297588996,0
7740,0,0.870729842,0.255076282,0.2571676,0.297588996,0.259585974,0
7770,0,0.255076282,0.2571676,0.297588996,0.259585974,0.255776459,0
7800,0,0.2571676,0.297588996,0.259585974,0.255776459,0.282019273,0
7830,0,0.297588996,0.259585974,0.255776459,0.282019273,0.264943249,0
7860,0,0.259585974,0.255776459,0.282019273,0.264943249,0.258125737,0
7890,0,0.255776459,0.282019273,0.264943249,0.258125737,0.253178435,0
7920,0,0.282019273,0.264943249,0.258125737,0.253178435,0.261585164,0
7950,0,0.264943249,0.258125737,0.253178435,0.261585164,0.258913436,0
7980,0,0.258125737,0.253178435,0.261585164,0.258913436,0.259443175,0
8010,0,0.253178435,0.261585164,0.258913436,0.259443175,0.277399027,0
8040,0,0.261585164,0.258913436,0.259443175,0.277399027,0.274690448,0
8070,0,0.258913436,0.259443175,0.277399027,0.274690448,0.265537478,0
8100,0,0.259443175,0.277399027,0.274690448,0.265537478,0.251764261,0
8130,0,0.277399027,0.274690448,0.265537478,0.251764261,0.545479253,0
8160,0,0.274690448,0.265537478,0.251764261,0.545479253,0.260562537,0
8190,0,0.265537478,0.251764261,0.545479253,0.260562537,0.258600199,0
8220,0,0.251764261,0.545479253,0.260562537,0.258600199,0.568115234,0
8250,0,0.545479253,0.260562537,0.258600199,0.568115234,0.561758365,0
8280,0,0.260562537,0.258600199,0.568115234,0.561758365,0.534414615,0
8310,0,0.258600199,0.568115234,0.561758365,0.534414615,0.868827388,0
8340,0,0.568115234,0.561758365,0.534414615,0.868827388,0.262400501,0
8370,0,0.561758365,0.534414615,0.868827388,0.262400501,0.254901238,0
8400,0,0.534414615,0.868827388,0.262400501,0.254901238,0.251713591,0
8430,0,0.868827388,0.262400501,0.254901238,0.251713591,0.278394015,0
8460,0,0.262400501,0.254901238,0.251713591,0.278394015,0.256052845,0
8490,0,0.254901238,0.251713591,0.278394015,0.256052845,0.256315411,0
8520,0,0.251713591,0.278394015,0.256052845,0.256315411,0.28599462,0
8550,0,0.278394015,0.256052845,0.256315411,0.28599462,0.26523806,0
8580,0,0.256052845,0.256315411,0.28599462,0.26523806,0.258899617,0
8610,0,0.256315411,0.28599462,0.26523806,0.258899617,0.253445607,0
8640,0,0.28599462,0.26523806,0.258899617,0.253445607,0.262658461,0
8670,0,0.26523806,0.258899617,0.253445607,0.262658461,0.260705336,0
8700,0,0.258899617,0.253445607,0.262658461,0.260705336,0.263409309,0
8730,0,0.253445607,0.262658461,0.260705336,0.263409309,0.270033351,0
8760,0,0.262658461,0.260705336,0.263409309,0.270033351,0.280222767,0
8790,0,0.260705336,0.263409309,0.270033351,0.280222767,0.553757002,0
8820,0,0.263409309,0.270033351,0.280222767,0.553757002,0.566940596,0
8850,0,0.270033351,0.280222767,0.553757002,0.566940596,0.563085016,0
8880,0,0.280222767,0.553757002,0.566940596,0.563085016,0.258862765,0
8910,0,0.553757002,0.566940596,0.563085016,0.258862765,0.51844874,0
8940,0,0.566940596,0.563085016,0.258862765,0.51844874,0.254113539,0
8970,0,0.563085016,0.258862765,0.51844874,0.254113539,0.277620136,0
9000,0,0.258862765,0.51844874,0.254113539,0.277620136,0.544700767,0
9030,0,0.51844874,0.254113539,0.277620136,0.544700767,0.608444502,0
9060,0,0.254113539,0.277620136,0.544700767,0.608444502,0.258144163,0
9090,0,0.277620136,0.544700767,0.608444502,0.258144163,0.252413768,0
9120,0,0.544700767,0.608444502,0.258144163,0.252413768,0.250299418,0
9150,0,0.608444502,0.258144163,0.252413768,0.250299418,0.276136866,0
9180,0,0.258144163,0.252413768,0.250299418,0.276136866,0.257305793,0
9210,0,0.252413768,0.250299418,0.276136866,0.257305793,0.25850807,0
9240,0,0.250299418,0.276136866,0.257305793,0.25850807,0.286708616,0
9270,0,0.276136866,0.257305793,0.25850807,0.286708616,0.263925228,0
9300,0,0.257305793,0.25850807,0.286708616,0.263925228,0.257107717,0
9330,0,0.25850807,0.286708616,0.263925228,0.257107717,0.278131449,0
9360,0,0.286708616,0.263925228,0.257107717,0.278131449,0.270604547,0
9390,0,0.263925228,0.257107717,0.278131449,0.270604547,0.265233454,0
9420,0,0.257107717,0.278131449,0.270604547,0.265233454,0.250198076,0
9450,0,0.278131449,0.270604547,0.265233454,0.250198076,0.256352263,0
9480,0,0.270604547,0.265233454,0.250198076,0.256352263,0.268669848,0
9510,0,0.265233454,0.250198076,0.256352263,0.268669848,0.549767836,0
9540,0,0.250198076,0.256352263,0.268669848,0.549767836,0.560293522,0
9570,0,0.256352263,0.268669848,0.549767836,0.560293522,0.559409088,0
9600,0,0.268669848,0.549767836,0.560293522,0.559409088,0.263911409,0
9630,0,0.549767836,0.560293522,0.559409088,0.263911409,0.251934699,0
9660,0,0.560293522,0.559409088,0.263911409,0.251934699,12.29370117,0
9690,0,0.559409088,0.263911409,0.251934699,12.29370117,1.23971846,0
9720,0,0.263911409,0.251934699,12.29370117,1.23971846,2.860231795,0
9750,0,0.251934699,12.29370117,1.23971846,2.860231795,0.87909972,0
9780,0,12.29370117,1.23971846,2.860231795,0.87909972,0.257946086,0
9810,0,1.23971846,2.860231795,0.87909972,0.257946086,0.255122347,0
9840,0,2.860231795,0.87909972,0.257946086,0.255122347,0.290711601,0
9870,0,0.87909972,0.257946086,0.255122347,0.290711601,0.261350236,0
9900,0,0.257946086,0.255122347,0.290711601,0.261350236,0.256246315,0
9930,0,0.255122347,0.290711601,0.261350236,0.256246315,0.251690559,0
9960,0,0.290711601,0.261350236,0.256246315,0.251690559,0.268490198,0
9990,0,0.261350236,0.256246315,0.251690559,0.268490198,0.258890404,0
10020,0,0.256246315,0.251690559,0.268490198,0.258890404,0.256347656,0
10050,0,0.251690559,0.268490198,0.258890404,0.256347656,0.283792748,0
10080,0,0.268490198,0.258890404,0.256347656,0.283792748,0.27056309,0
10110,0,0.258890404,0.256347656,0.283792748,0.27056309,0.264367445,0
10140,0,0.256347656,0.283792748,0.27056309,0.264367445,0.25192088,0
10170,0,0.283792748,0.27056309,0.264367445,0.25192088,0.263054614,0
10200,0,0.27056309,0.264367445,0.25192088,0.263054614,0.272953825,0
10230,0,0.264367445,0.25192088,0.263054614,0.272953825,0.544714586,0
10260,0,0.25192088,0.263054614,0.272953825,0.544714586,0.576821381,0
10290,0,0.263054614,0.272953825,0.544714586,0.576821381,0.567111033,0
10320,0,0.272953825,0.544714586,0.576821381,0.567111033,0.266541679,0
10350,0,0.544714586,0.576821381,0.567111033,0.266541679,0.575140035,0
10380,0,0.576821381,0.567111033,0.266541679,0.575140035,0.570031508,0
10410,0,0.567111033,0.266541679,0.575140035,0.570031508,0.28386645,0
10440,0,0.266541679,0.575140035,0.570031508,0.28386645,0.522202978,0
10470,0,0.575140035,0.570031508,0.28386645,0.522202978,1.839364682,0
10500,0,0.570031508,0.28386645,0.522202978,1.839364682,2.885401312,0
10530,0,0.28386645,0.522202978,1.839364682,2.885401312,5.873327867,0
10560,0,0.522202978,1.839364682,2.885401312,5.873327867,0.468851341,0
10590,0,1.839364682,2.885401312,5.873327867,0.468851341,0.308727336,0
10620,0,2.885401312,5.873327867,0.468851341,0.308727336,0.26946676,0
10650,0,5.873327867,0.468851341,0.308727336,0.26946676,0.250939711,0
10680,0,0.468851341,0.308727336,0.26946676,0.250939711,0.29771337,0
10710,0,0.308727336,0.26946676,0.250939711,0.29771337,0.290453641,0
10740,0,0.26946676,0.250939711,0.29771337,0.290453641,0.269720114,0
10770,0,0.250939711,0.29771337,0.290453641,0.269720114,0.28170143,0
10800,0,0.29771337,0.290453641,0.269720114,0.28170143,0.280784751,0
10830,0,0.290453641,0.269720114,0.28170143,0.280784751,0.276463922,0
10860,0,0.269720114,0.28170143,0.280784751,0.276463922,0.289647516,0
10890,0,0.28170143,0.280784751,0.276463922,0.289647516,0.276703457,0
10920,0,0.280784751,0.276463922,0.289647516,0.276703457,0.558372642,0
10950,0,0.276463922,0.289647516,0.276703457,0.558372642,0.252280181,0
10980,0,0.289647516,0.276703457,0.558372642,0.252280181,0.257370283,0
11010,0,0.276703457,0.558372642,0.252280181,0.257370283,1.618845814,0
11040,0,0.558372642,0.252280181,0.257370283,1.618845814,0.9837301,0
11070,0,0.252280181,0.257370283,1.618845814,0.9837301,0.845389888,0
11100,0,0.257370283,1.618845814,0.9837301,0.845389888,0.831823961,0
11130,0,1.618845814,0.9837301,0.845389888,0.831823961,0.2836868,0
11160,0,0.9837301,0.845389888,0.831823961,0.2836868,0.522166126,0
11190,0,0.845389888,0.831823961,0.2836868,0.522166126,0.611042527,0
11220,0,0.831823961,0.2836868,0.522166126,0.611042527,0.256135761,0
11250,0,0.2836868,0.522166126,0.611042527,0.256135761,0.256227889,0
11280,0,0.522166126,0.611042527,0.256135761,0.256227889,0.29879588,0
11310,0,0.611042527,0.256135761,0.256227889,0.29879588,0.278522995,0
11340,0,0.256135761,0.256227889,0.29879588,0.278522995,0.280743293,0
11370,0,0.256227889,0.29879588,0.278522995,0.280743293,0.300583174,0
11400,0,0.29879588,0.278522995,0.280743293,0.300583174,0.276638967,0
11430,0,0.278522995,0.280743293,0.300583174,0.276638967,0.261935252,0
11460,0,0.280743293,0.300583174,0.276638967,0.261935252,0.253477852,0
11490,0,0.300583174,0.276638967,0.261935252,0.253477852,0.675514077,0
11520,0,0.276638967,0.261935252,0.253477852,0.675514077,0.268172354,0
11550,0,0.261935252,0.253477852,0.675514077,0.268172354,0.260157171,0
11580,0,0.253477852,0.675514077,0.268172354,0.260157171,0.276970629,0
11610,0,0.675514077,0.268172354,0.260157171,0.276970629,0.284078346,0
11640,0,0.268172354,0.260157171,0.276970629,0.284078346,0.265555904,0
11670,0,0.260157171,0.276970629,0.284078346,0.265555904,0.252072892,0
11700,0,0.276970629,0.284078346,0.265555904,0.252072892,0.261000147,1
11730,0,0.284078346,0.265555904,0.252072892,0.261000147,0.561537257,1
11760,0,0.265555904,0.252072892,0.261000147,0.561537257,0.263197413,1
11790,0,0.252072892,0.261000147,0.561537257,0.263197413,0.5612102,1
11820,0,0.261000147,0.561537257,0.263197413,0.5612102,0.84208708,1
11850,1,0.561537257,0.263197413,0.5612102,0.84208708,0.559865124,1
11880,1,0.263197413,0.5612102,0.84208708,0.559865124,0.603142504,1
11910,1,0.5612102,0.84208708,0.559865124,0.603142504,0.266564711,1
11940,1,0.84208708,0.559865124,0.603142504,0.266564711,11.03760687,1
11970,1,0.559865124,0.603142504,0.266564711,11.03760687,0.378689748,1
12000,1,0.603142504,0.266564711,11.03760687,0.378689748,1.732486365,1
12030,1,0.266564711,11.03760687,0.378689748,1.732486365,15.65344929,1
12060,1,11.03760687,0.378689748,1.732486365,15.65344929,10.60972969,1
12090,1,0.378689748,1.732486365,15.65344929,10.60972969,0.298768241,1
12120,1,1.732486365,15.65344929,10.60972969,0.298768241,0.273736918,1
12150,1,15.65344929,10.60972969,0.298768241,0.273736918,0.26037828,1
12180,1,10.60972969,0.298768241,0.273736918,0.26037828,0.281655366,1
12210,1,0.298768241,0.273736918,0.26037828,0.281655366,0.27253464,1
12240,1,0.273736918,0.26037828,0.281655366,0.27253464,0.263464586,1
12270,1,0.26037828,0.281655366,0.27253464,0.263464586,0.27466281,1
12300,1,0.281655366,0.27253464,0.263464586,0.27466281,0.278283461,1
12330,1,0.27253464,0.263464586,0.27466281,0.278283461,0.272092423,1
12360,1,0.263464586,0.27466281,0.278283461,0.272092423,0.282751695,1
12390,1,0.27466281,0.278283461,0.272092423,0.282751695,1.230500995,1
12420,1,0.278283461,0.272092423,0.282751695,1.230500995,0.376704378,1
12450,1,0.272092423,0.282751695,1.230500995,0.376704378,0.253551555,1
12480,1,0.282751695,1.230500995,0.376704378,0.253551555,0.256315411,1
12510,1,1.230500995,0.376704378,0.253551555,0.256315411,0.879965728,1
12540,1,0.376704378,0.253551555,0.256315411,0.879965728,2.767651828,1
12570,1,0.253551555,0.256315411,0.879965728,2.767651828,0.889441148,1
12600,1,0.256315411,0.879965728,2.767651828,0.889441148,0.258489645,1
12630,1,0.879965728,2.767651828,0.889441148,0.258489645,0.256117335,1
12660,1,2.767651828,0.889441148,0.258489645,0.256117335,0.299929061,1
12690,1,0.889441148,0.258489645,0.256117335,0.299929061,16.55729474,1
12720,1,0.258489645,0.256117335,0.299929061,16.55729474,7.773382223,1
12750,1,0.256117335,0.299929061,16.55729474,7.773382223,2.707505712,1
12780,1,0.299929061,16.55729474,7.773382223,2.707505712,0.295566775,1
12810,1,16.55729474,7.773382223,2.707505712,0.295566775,8.670230506,1
12840,1,7.773382223,2.707505712,0.295566775,8.670230506,1.832146411,1
12870,1,2.707505712,0.295566775,8.670230506,1.832146411,0.952088554,1
12900,1,0.295566775,8.670230506,1.832146411,0.952088554,0.443783166,1
12930,1,8.670230506,1.832146411,0.952088554,0.443783166,0.259512272,1
12960,1,1.832146411,0.952088554,0.443783166,0.259512272,19.44264999,1
12990,1,0.952088554,0.443783166,0.259512272,19.44264999,6.560841686,1
13020,1,0.443783166,0.259512272,19.44264999,6.560841686,0.294940301,1
13050,1,0.259512272,19.44264999,6.560841686,0.294940301,0.303006154,1
13080,1,19.44264999,6.560841686,0.294940301,0.303006154,0.59688237,1
13110,1,6.560841686,0.294940301,0.303006154,0.59688237,1.745582437,1
13140,1,0.294940301,0.303006154,0.59688237,1.745582437,0.596652049,1
13170,1,0.303006154,0.59688237,1.745582437,0.596652049,0.591432967,1
13200,1,0.59688237,1.745582437,0.596652049,0.591432967,0.562541458,1
13230,1,1.745582437,0.596652049,0.591432967,0.562541458,0.269406876,1
13260,1,0.596652049,0.591432967,0.562541458,0.269406876,0.276017099,1
13290,1,0.591432967,0.562541458,0.269406876,0.276017099,0.597425929,1
13320,1,0.562541458,0.269406876,0.276017099,0.597425929,0.621664947,1
13350,1,0.269406876,0.276017099,0.597425929,0.621664947,0.916522332,1
13380,1,0.276017099,0.597425929,0.621664947,0.916522332,0.278850052,1
13410,1,0.597425929,0.621664947,0.916522332,0.278850052,0.357877911,1
13440,1,0.621664947,0.916522332,0.278850052,0.357877911,0.270517025,1
13470,1,0.916522332,0.278850052,0.357877911,0.270517025,8.0210007,1
13500,1,0.278850052,0.357877911,0.270517025,8.0210007,14.28216668,1
13530,1,0.357877911,0.270517025,8.0210007,14.28216668,0.275901938,1
13560,1,0.270517025,8.0210007,14.28216668,0.275901938,3.108637972,1
13590,1,8.0210007,14.28216668,0.275901938,3.108637972,0.277785967,1
13620,1,14.28216668,0.275901938,3.108637972,0.277785967,6.504564969,1
13650,1,0.275901938,3.108637972,0.277785967,6.504564969,0.857573887,1
13680,1,3.108637972,0.277785967,6.504564969,0.857573887,0.296184036,1
13710,1,0.277785967,6.504564969,0.857573887,0.296184036,0.61200527,1
13740,1,6.504564969,0.857573887,0.296184036,0.61200527,0.551407724,1
13770,1,0.857573887,0.296184036,0.61200527,0.551407724,0.269913583,1
13800,1,0.296184036,0.61200527,0.551407724,0.269913583,0.565171728,1
13830,1,0.61200527,0.551407724,0.269913583,0.565171728,5.100461564,1
13860,1,0.551407724,0.269913583,0.565171728,5.100461564,1.040375332,1
13890,1,0.269913583,0.565171728,5.100461564,1.040375332,0.597048202,1
13920,1,0.565171728,5.100461564,1.040375332,0.597048202,9.542475862,1
13950,1,5.100461564,1.040375332,0.597048202,9.542475862,4.302665279,1
13980,1,1.040375332,0.597048202,9.542475862,4.302665279,20.34473578,1
14010,1,0.597048202,9.542475862,4.302665279,20.34473578,2.27080723,1
14040,1,9.542475862,4.302665279,20.34473578,2.27080723,28.13298754,1
14070,1,4.302665279,20.34473578,2.27080723,28.13298754,0.351387456,1
14100,1,20.34473578,2.27080723,28.13298754,0.351387456,0.285428029,1
14130,1,2.27080723,28.13298754,0.351387456,0.285428029,0.275602521,1
14160,1,28.13298754,0.351387456,0.285428029,0.275602521,0.352032356,1
14190,1,0.351387456,0.285428029,0.275602521,0.352032356,0.279545622,1
14220,1,0.285428029,0.275602521,0.352032356,0.279545622,0.270544664,1
14250,1,0.275602521,0.352032356,0.279545622,0.270544664,0.262810473,1
14280,1,0.352032356,0.279545622,0.270544664,0.262810473,0.285335901,1
14310,1,0.279545622,0.270544664,0.262810473,0.285335901,0.271046764,1
14340,1,0.270544664,0.262810473,0.285335901,0.271046764,0.273345371,1
14370,1,0.262810473,0.285335901,0.271046764,0.273345371,0.290964954,1
14400,1,0.285335901,0.271046764,0.273345371,0.290964954,0.287058704,1
14430,1,0.271046764,0.273345371,0.290964954,0.287058704,0.561177955,1
14460,1,0.273345371,0.290964954,0.287058704,0.561177955,0.264021963,1
14490,1,0.290964954,0.287058704,0.561177955,0.264021963,20.80830355,1
14520,1,0.287058704,0.561177955,0.264021963,20.80830355,11.01509987,1
14550,1,0.561177955,0.264021963,20.80830355,11.01509987,0.694041126,1
14580,1,0.264021963,20.80830355,11.01509987,0.694041126,0.804613797,1
14610,1,20.80830355,11.01509987,0.694041126,0.804613797,0.621333284,1
14640,1,11.01509987,0.694041126,0.804613797,0.621333284,2.52337301,0
14670,1,0.694041126,0.804613797,0.621333284,2.52337301,6.390873747,0
14700,1,0.804613797,0.621333284,2.52337301,6.390873747,0.306000332,0
14730,1,0.621333284,2.52337301,6.390873747,0.306000332,0.303043006,0
14760,1,2.52337301,6.390873747,0.306000332,0.303043006,0.294060473,0
14790,0,6.390873747,0.306000332,0.303043006,0.294060473,0.335564379,0
14820,0,0.306000332,0.303043006,0.294060473,0.335564379,0.298137161,0
14850,0,0.303043006,0.294060473,0.335564379,0.298137161,0.30091023,0
14880,0,0.294060473,0.335564379,0.298137161,0.30091023,0.345933446,0
14910,0,0.335564379,0.298137161,0.30091023,0.345933446,0.309570313,0
14940,0,0.298137161,0.30091023,0.345933446,0.309570313,0.304420327,0
14970,0,0.30091023,0.345933446,0.309570313,0.304420327,0.297013193,0
15000,0,0.345933446,0.309570313,0.304420327,0.297013193,0.308552292,0
15030,0,0.309570313,0.304420327,0.297013193,0.308552292,0.311836675,0
15060,0,0.304420327,0.297013193,0.308552292,0.311836675,0.308566111,0
15090,0,0.297013193,0.308552292,0.311836675,0.308566111,0.323850236,0
15120,0,0.308552292,0.311836675,0.308566111,0.323850236,0.330068912,0
15150,0,0.311836675,0.308566111,0.323850236,0.330068912,0.304655255,0
15180,0,0.308566111,0.323850236,0.330068912,0.304655255,0.32294277,0
15210,0,0.323850236,0.330068912,0.304655255,0.32294277,0.615372568,0
15240,0,0.330068912,0.304655255,0.32294277,0.615372568,0.395917784,0
15270,0,0.304655255,0.32294277,0.615372568,0.395917784,0.289804135,0
15300,0,0.32294277,0.615372568,0.395917784,0.289804135,0.292171838,0
15330,0,0.615372568,0.395917784,0.289804135,0.292171838,0.58900538,0
15360,0,0.395917784,0.289804135,0.292171838,0.58900538,0.584030439,0
15390,0,0.289804135,0.292171838,0.58900538,0.584030439,0.676135945,0
15420,0,0.292171838,0.58900538,0.584030439,0.676135945,0.303729363,0
15450,0,0.58900538,0.584030439,0.676135945,0.303729363,0.300693728,0
15480,0,0.584030439,0.676135945,0.303729363,0.300693728,0.29430922,0
15510,0,0.676135945,0.303729363,0.300693728,0.29430922,0.330147221,0
15540,0,0.303729363,0.300693728,0.29430922,0.330147221,0.299795475,0
15570,0,0.300693728,0.29430922,0.330147221,0.299795475,0.29316222,0
15600,0,0.29430922,0.330147221,0.299795475,0.29316222,0.344616008,0
15630,0,0.330147221,0.299795475,0.29316222,0.344616008,0.312403265,0
15660,0,0.299795475,0.29316222,0.344616008,0.312403265,0.302858749,0
15690,0,0.29316222,0.344616008,0.312403265,0.302858749,0.331331073,0
15720,0,0.344616008,0.312403265,0.302858749,0.331331073,0.31968142,0
15750,0,0.312403265,0.302858749,0.331331073,0.31968142,0.308450951,0
15780,0,0.302858749,0.331331073,0.31968142,0.308450951,0.293899248,0
15810,0,0.331331073,0.31968142,0.308450951,0.293899248,0.298197045,0
15840,0,0.31968142,0.308450951,0.293899248,0.298197045,0.315664615,0
15870,0,0.308450951,0.293899248,0.298197045,0.315664615,0.596154555,0
15900,0,0.293899248,0.298197045,0.315664615,0.596154555,0.624470261,0
15930,0,0.298197045,0.315664615,0.596154555,0.624470261,0.621858417,0
15960,0,0.315664615,0.596154555,0.624470261,0.621858417,0.303941259,0
15990,0,0.596154555,0.624470261,0.621858417,0.303941259,0.290384545,0
16020,0,0.624470261,0.621858417,0.303941259,0.290384545,0.29008052,0
16050,0,0.621858417,0.303941259,0.290384545,0.29008052,0.578871241,0
16080,0,0.303941259,0.290384545,0.29008052,0.578871241,0.593482827,0
16110,0,0.290384545,0.29008052,0.578871241,0.593482827,0.685533056,0
16140,0,0.29008052,0.578871241,0.593482827,0.685533056,0.2993118,0
16170,0,0.578871241,0.593482827,0.685533056,0.2993118,0.295364092,0
16200,0,0.593482827,0.685533056,0.2993118,0.295364092,0.355395047,0
16230,0,0.685533056,0.2993118,0.295364092,0.355395047,0.311325361,0
16260,0,0.2993118,0.295364092,0.355395047,0.311325361,0.299988945,0
16290,0,0.295364092,0.355395047,0.311325361,0.299988945,0.294737618,0
16320,0,0.355395047,0.311325361,0.299988945,0.294737618,0.31140367,0
16350,0,0.311325361,0.299988945,0.294737618,0.31140367,0.304963886,0
16380,0,0.299988945,0.294737618,0.31140367,0.304963886,0.300398917,0
16410,0,0.294737618,0.31140367,0.304963886,0.300398917,0.334094929,0
16440,0,0.31140367,0.304963886,0.300398917,0.334094929,0.319262235,0
16470,0,0.304963886,0.300398917,0.334094929,0.319262235,0.307492814,0
16500,0,0.300398917,0.334094929,0.319262235,0.307492814,0.293415573,0
16530,0,0.334094929,0.319262235,0.307492814,0.293415573,0.301306383,0
16560,0,0.319262235,0.307492814,0.293415573,0.301306383,0.307939637,0
16590,0,0.307492814,0.293415573,0.301306383,0.307939637,0.589963517,0
16620,0,0.293415573,0.301306383,0.307939637,0.589963517,0.618551002,0
16650,0,0.301306383,0.307939637,0.589963517,0.618551002,0.886483822,0
16680,0,0.307939637,0.589963517,0.618551002,0.886483822,0.305530476,0
16710,0,0.589963517,0.618551002,0.886483822,0.305530476,0.88665426,0
16740,0,0.618551002,0.886483822,0.305530476,0.88665426,0.880173017,0
16770,0,0.886483822,0.305530476,0.88665426,0.880173017,0.325651349,0
16800,0,0.305530476,0.88665426,0.880173017,0.325651349,0.290154223,0
16830,0,0.88665426,0.880173017,0.325651349,0.290154223,0.927236881,0
16860,0,0.880173017,0.325651349,0.290154223,0.927236881,0.294037441,0
16890,0,0.325651349,0.290154223,0.927236881,0.294037441,0.296372899,0
16920,0,0.290154223,0.927236881,0.294037441,0.296372899,0.359273659,0
16950,0,0.927236881,0.294037441,0.296372899,0.359273659,0.302812684,0
16980,0,0.294037441,0.296372899,0.359273659,0.302812684,0.298353663,0
17010,0,0.296372899,0.359273659,0.302812684,0.298353663,0.298252322,0
17040,0,0.359273659,0.302812684,0.298353663,0.298252322,0.315931788,0
17070,0,0.302812684,0.298353663,0.298252322,0.315931788,0.303112102,0
17100,0,0.298353663,0.298252322,0.315931788,0.303112102,0.304705926,0
17130,0,0.298252322,0.315931788,0.303112102,0.304705926,0.332745246,0
17160,0,0.315931788,0.303112102,0.304705926,0.332745246,0.320082179,0
17190,0,0.303112102,0.304705926,0.332745246,0.320082179,0.306788031,0
17220,0,0.304705926,0.332745246,0.320082179,0.306788031,0.321547022,0
17250,0,0.332745246,0.320082179,0.306788031,0.321547022,0.328498121,0
17280,0,0.320082179,0.306788031,0.321547022,0.328498121,0.305885171,0
17310,0,0.306788031,0.321547022,0.328498121,0.305885171,0.292632481,0
17340,0,0.321547022,0.328498121,0.305885171,0.292632481,0.294539542,0
17370,0,0.328498121,0.305885171,0.292632481,0.294539542,0.601474978,0
17400,0,0.305885171,0.292632481,0.294539542,0.601474978,0.297372494,0
17430,0,0.292632481,0.294539542,0.601474978,0.297372494,0.615174491,0
17460,0,0.294539542,0.601474978,0.297372494,0.615174491,0.876257555,0
17490,0,0.601474978,0.297372494,0.615174491,0.876257555,0.319133255,0
17520,0,0.297372494,0.615174491,0.876257555,0.319133255,0.289329673,0
17550,0,0.615174491,0.876257555,0.319133255,0.289329673,0.941240419,0
17580,0,0.876257555,0.319133255,0.289329673,0.941240419,0.298450398,0
17610,0,0.319133255,0.289329673,0.941240419,0.298450398,0.2993118,0
17640,0,0.289329673,0.941240419,0.298450398,0.2993118,0.356403855,0
17670,0,0.941240419,0.298450398,0.2993118,0.356403855,0.304517062,0
17700,0,0.298450398,0.2993118,0.356403855,0.304517062,0.297796285,0
17730,0,0.2993118,0.356403855,0.304517062,0.297796285,0.336398143,0
17760,0,0.356403855,0.304517062,0.297796285,0.336398143,0.31133918,0
17790,0,0.304517062,0.297796285,0.336398143,0.31133918,0.301380085,0
17820,0,0.297796285,0.336398143,0.31133918,0.301380085,0.291356501,0
17850,0,0.336398143,0.31133918,0.301380085,0.291356501,0.302771226,1
17880,0,0.31133918,0.301380085,0.291356501,0.302771226,0.304480211,1
17910,0,0.301380085,0.291356501,0.302771226,0.304480211,38.2357385,1
17940,0,0.291356501,0.302771226,0.304480211,38.2357385,1.565443507,1
17970,0,0.302771226,0.304480211,38.2357385,1.565443507,0.316811616,1
18000,1,0.304480211,38.2357385,1.565443507,0.316811616,0.280531397,1
18030,1,38.2357385,1.565443507,0.316811616,0.280531397,0.282682599,1
18060,1,1.565443507,0.316811616,0.280531397,0.282682599,0.567530218,1
18090,1,0.316811616,0.280531397,0.282682599,0.567530218,0.265440743,1
18120,1,0.280531397,0.282682599,0.567530218,0.265440743,0.572823003,1
18150,1,0.282682599,0.567530218,0.265440743,0.572823003,0.585071492,1
18180,1,0.567530218,0.265440743,0.572823003,0.585071492,0.544221698,1
18210,1,0.265440743,0.572823003,0.585071492,0.544221698,0.83785838,1
18240,1,0.572823003,0.585071492,0.544221698,0.83785838,0.835863797,1
18270,1,0.585071492,0.544221698,0.83785838,0.835863797,0.554973098,1
18300,1,0.544221698,0.83785838,0.835863797,0.554973098,0.520060989,1
18330,1,0.83785838,0.835863797,0.554973098,0.520060989,0.89248139,1
18360,1,0.835863797,0.554973098,0.520060989,0.89248139,0.256877395,1
18390,1,0.554973098,0.520060989,0.89248139,0.256877395,0.25768352,1
18420,1,0.520060989,0.89248139,0.256877395,0.25768352,0.304977705,1
18450,1,0.89248139,0.256877395,0.25768352,0.304977705,0.2638331,1
18480,1,0.256877395,0.25768352,0.304977705,0.2638331,0.260884987,1
18510,1,0.25768352,0.304977705,0.2638331,0.260884987,0.286072929,1
18540,1,0.304977705,0.2638331,0.260884987,0.286072929,0.268688274,1
18570,1,0.2638331,0.260884987,0.286072929,0.268688274,0.261304172,1
18600,1,0.260884987,0.286072929,0.268688274,0.261304172,0.284995025,1
18630,1,0.286072929,0.268688274,0.261304172,0.284995025,0.270148511,1
18660,1,0.268688274,0.261304172,0.284995025,0.270148511,18.14308023,1
18690,1,0.261304172,0.284995025,0.270148511,18.14308023,6.78464033,1
18720,1,0.284995025,0.270148511,18.14308023,6.78464033,0.866095777,1
18750,1,0.270148511,18.14308023,6.78464033,0.866095777,0.307921212,1
18780,1,18.14308023,6.78464033,0.866095777,0.307921212,0.278481537,1
18810,1,6.78464033,0.866095777,0.307921212,0.278481537,0.294921875,1
18840,1,0.866095777,0.307921212,0.278481537,0.294921875,6.057455963,1
18870,1,0.307921212,0.278481537,0.294921875,6.057455963,0.296469634,1
18900,1,0.278481537,0.294921875,6.057455963,0.296469634,0.597729953,1
18930,1,0.294921875,6.057455963,0.296469634,0.597729953,0.59696068,1
18960,1,6.057455963,0.296469634,0.597729953,0.59696068,0.557345408,1
18990,1,0.296469634,0.597729953,0.59696068,0.557345408,0.874332068,1
19020,1,0.597729953,0.59696068,0.557345408,0.874332068,0.885917232,1
19050,1,0.59696068,0.557345408,0.874332068,0.885917232,0.579368735,1
19080,1,0.557345408,0.874332068,0.885917232,0.579368735,0.539034861,1
19110,1,0.874332068,0.885917232,0.579368735,0.539034861,0.917977963,1
19140,1,0.885917232,0.579368735,0.539034861,0.917977963,0.282641141,1
19170,1,0.579368735,0.539034861,0.917977963,0.282641141,0.290025243,1
19200,1,0.539034861,0.917977963,0.282641141,0.290025243,0.333560584,1
19230,1,0.917977963,0.282641141,0.290025243,0.333560584,0.28804448,1
19260,1,0.282641141,0.290025243,0.333560584,0.28804448,0.285381965,1
19290,1,0.290025243,0.333560584,0.28804448,0.285381965,0.276638967,1
19320,1,0.333560584,0.28804448,0.285381965,0.276638967,4.25012898,1
19350,1,0.28804448,0.285381965,0.276638967,4.25012898,0.695966613,1
19380,1,0.285381965,0.276638967,4.25012898,0.695966613,0.292296212,1
19410,1,0.276638967,4.25012898,0.695966613,0.292296212,0.312642799,1
19440,1,4.25012898,0.695966613,0.292296212,0.312642799,0.301932857,1
19470,1,0.695966613,0.292296212,0.312642799,0.301932857,0.289173054,1
19500,1,0.292296212,0.312642799,0.301932857,0.289173054,0.296437389,1
19530,1,0.312642799,0.301932857,0.289173054,0.296437389,0.312790205,1
19560,1,0.301932857,0.289173054,0.296437389,0.312790205,0.586785083,1
19590,1,0.289173054,0.296437389,0.312790205,0.586785083,0.569773548,1
19620,1,0.296437389,0.312790205,0.586785083,0.569773548,0.58119288,1
19650,1,0.312790205,0.586785083,0.569773548,0.58119288,0.480477963,1
19680,1,0.586785083,0.569773548,0.58119288,0.480477963,0.554148548,1
19710,1,0.569773548,0.58119288,0.480477963,0.554148548,0.868933336,1
19740,1,0.58119288,0.480477963,0.554148548,0.868933336,6.986949993,1
19770,1,0.480477963,0.554148548,0.868933336,6.986949993,0.310169148,1
19800,1,0.554148548,0.868933336,6.986949993,0.310169148,0.276643573,1
19830,1,0.868933336,6.986949993,0.310169148,0.276643573,0.916093934,1
19860,1,6.986949993,0.310169148,0.276643573,0.916093934,0.286985001,1
19890,1,0.310169148,0.276643573,0.916093934,0.286985001,0.28228184,1
19920,1,0.276643573,0.916093934,0.286985001,0.28228184,0.333505307,1
19950,1,0.916093934,0.286985001,0.28228184,0.333505307,0.300864166,1
19980,1,0.286985001,0.28228184,0.333505307,0.300864166,0.280628132,1
20010,1,0.28228184,0.333505307,0.300864166,0.280628132,0.316484559,1
20040,1,0.333505307,0.300864166,0.280628132,0.316484559,0.292286999,1
20070,1,0.300864166,0.280628132,0.316484559,0.292286999,0.28586564,1
20100,1,0.280628132,0.316484559,0.292286999,0.28586564,0.277375995,1
20130,1,0.316484559,0.292286999,0.28586564,0.277375995,38.29516602,1
20160,1,0.292286999,0.28586564,0.277375995,38.29516602,0.350834685,1
20190,1,0.28586564,0.277375995,38.29516602,0.350834685,0.305627211,1
20220,1,0.277375995,38.29516602,0.350834685,0.305627211,0.318852263,1
20250,1,38.29516602,0.350834685,0.305627211,0.318852263,0.315724499,1
20280,1,0.350834685,0.305627211,0.318852263,0.315724499,0.309312353,1
20310,1,0.305627211,0.318852263,0.315724499,0.309312353,0.278882297,1
20340,1,0.318852263,0.315724499,0.309312353,0.278882297,0.293369509,1
20370,1,0.315724499,0.309312353,0.278882297,0.293369509,6.089429172,1
20400,1,0.309312353,0.278882297,0.293369509,6.089429172,0.401906139,1
20430,1,0.278882297,0.293369509,6.089429172,0.401906139,0.618449661,1
20460,1,0.293369509,6.089429172,0.401906139,0.618449661,0.880223688,1
20490,1,6.089429172,0.401906139,0.618449661,0.880223688,0.309012935,1
20520,1,0.401906139,0.618449661,0.880223688,0.309012935,0.922980542,1
20550,1,0.618449661,0.880223688,0.309012935,0.922980542,0.304088665,1
20580,1,0.880223688,0.309012935,0.922980542,0.304088665,0.303439158,1
20610,1,0.309012935,0.922980542,0.304088665,0.303439158,0.279333726,1
20640,1,0.922980542,0.304088665,0.303439158,0.279333726,0.905780144,1
20670,1,0.304088665,0.303439158,0.279333726,0.905780144,29.25916679,1
20700,1,0.303439158,0.279333726,0.905780144,29.25916679,0.688223209,1
20730,1,0.279333726,0.905780144,29.25916679,0.688223209,0.394222619,1
20760,1,0.905780144,29.25916679,0.688223209,0.394222619,0.292098135,1
20790,1,29.25916679,0.688223209,0.394222619,0.292098135,0.283078751,1
20820,1,0.688223209,0.394222619,0.292098135,0.283078751,0.267720924,1
20850,1,0.394222619,0.292098135,0.283078751,0.267720924,0.318423865,1
20880,1,0.292098135,0.283078751,0.267720924,0.318423865,0.282360149,1
20910,1,0.283078751,0.267720924,0.318423865,0.282360149,0.281061136,1
20940,1,0.267720924,0.318423865,0.282360149,0.281061136,11.88690301,1
20970,1,0.318423865,0.282360149,0.281061136,11.88690301,6.651910746,1
21000,1,0.282360149,0.281061136,11.88690301,6.651910746,2.308151533,1
21030,1,0.281061136,11.88690301,6.651910746,2.308151533,0.648096624,1
21060,1,11.88690301,6.651910746,2.308151533,0.648096624,0.591806088,1
21090,1,6.651910746,2.308151533,0.648096624,0.591806088,0.572767726,1
21120,1,2.308151533,0.648096624,0.591806088,0.572767726,0.265159751,1
21150,1,0.648096624,0.591806088,0.572767726,0.265159751,0.303254901,1
21180,1,0.591806088,0.572767726,0.265159751,0.303254901,0.30539689,1
21210,1,0.572767726,0.265159751,0.303254901,0.30539689,0.562730321,1
21240,1,0.265159751,0.303254901,0.30539689,0.562730321,0.62461306,1
21270,1,0.303254901,0.30539689,0.562730321,0.62461306,5.70703125,0
21300,1,0.30539689,0.562730321,0.62461306,5.70703125,0.336545548,0
21330,1,0.562730321,0.62461306,5.70703125,0.336545548,0.266684478,0
21360,1,0.62461306,5.70703125,0.336545548,0.266684478,0.304572339,0
21390,1,5.70703125,0.336545548,0.266684478,0.304572339,0.276371794,0
21420,0,0.336545548,0.266684478,0.304572339,0.276371794,0.272331958,0
21450,0,0.266684478,0.304572339,0.276371794,0.272331958,0.304355837,0
21480,0,0.304572339,0.276371794,0.272331958,0.304355837,0.701839807,0
21510,0,0.276371794,0.272331958,0.304355837,0.701839807,0.27619675,0
21540,0,0.272331958,0.304355837,0.701839807,0.27619675,0.294599425,0
21570,0,0.304355837,0.701839807,0.27619675,0.294599425,0.288376142,0
21600,0,0.701839807,0.27619675,0.294599425,0.288376142,0.281673791,0
21630,0,0.27619675,0.294599425,0.288376142,0.281673791,0.267057599,0
21660,0,0.294599425,0.288376142,0.281673791,0.267057599,0.27613226,0
21690,0,0.288376142,0.281673791,0.267057599,0.27613226,0.284866045,0
21720,0,0.281673791,0.267057599,0.27613226,0.284866045,0.561523438,0
21750,0,0.267057599,0.27613226,0.284866045,0.561523438,0.582049676,0
21780,0,0.27613226,0.284866045,0.561523438,0.582049676,0.579124595,0
21810,0,0.284866045,0.561523438,0.582049676,0.579124595,0.278730284,0
21840,0,0.561523438,0.582049676,0.579124595,0.278730284,0.264648438,0
21870,0,0.582049676,0.579124595,0.278730284,0.264648438,0.267228037,0
21900,0,0.579124595,0.278730284,0.264648438,0.267228037,0.55141233,0
21930,0,0.278730284,0.264648438,0.267228037,0.55141233,0.556603774,0
21960,0,0.264648438,0.267228037,0.55141233,0.556603774,0.626285193,0
21990,0,0.267228037,0.55141233,0.556603774,0.626285193,0.279167895,0
22020,0,0.55141233,0.556603774,0.626285193,0.279167895,0.276394826,0
22050,0,0.556603774,0.626285193,0.279167895,0.276394826,0.320975825,0
22080,0,0.626285193,0.279167895,0.276394826,0.320975825,0.278776349,0
22110,0,0.279167895,0.276394826,0.320975825,0.278776349,0.270097841,0
22140,0,0.276394826,0.320975825,0.278776349,0.270097841,0.263648843,0
22170,0,0.320975825,0.278776349,0.270097841,0.263648843,0.277993256,0
22200,0,0.278776349,0.270097841,0.263648843,0.277993256,0.272958432,0
22230,0,0.270097841,0.263648843,0.277993256,0.272958432,0.273469745,0
22260,0,0.263648843,0.277993256,0.272958432,0.273469745,0.297367888,0
22290,0,0.277993256,0.272958432,0.273469745,0.297367888,0.286243367,0
22320,0,0.272958432,0.273469745,0.297367888,0.286243367,0.277380601,0
22350,0,0.273469745,0.297367888,0.286243367,0.277380601,0.263985112,0
22380,0,0.297367888,0.286243367,0.277380601,0.263985112,0.273138082,0
22410,0,0.286243367,0.277380601,0.263985112,0.273138082,0.577231353,0
22440,0,0.277380601,0.263985112,0.273138082,0.577231353,0.274566075,0
22470,0,0.263985112,0.273138082,0.577231353,0.274566075,0.582114166,0
22500,0,0.273138082,0.577231353,0.274566075,0.582114166,0.581893057,0
22530,0,0.577231353,0.274566075,0.582114166,0.581893057,1.904057341,0
22560,0,0.274566075,0.582114166,0.581893057,1.904057341,0.582385945,0
22590,0,0.582114166,0.581893057,1.904057341,0.582385945,0.852198187,0
22620,0,0.581893057,1.904057341,0.582385945,0.852198187,0.971472398,0
22650,0,1.904057341,0.582385945,0.852198187,0.971472398,0.275183336,0
22680,0,0.582385945,0.852198187,0.971472398,0.275183336,2.126091723,0
22710,0,0.852198187,0.971472398,0.275183336,2.126091723,0.289541568,0
22740,0,0.971472398,0.275183336,2.126091723,0.289541568,0.268992298,0
22770,0,0.275183336,2.126091723,0.289541568,0.268992298,1.47925726,0
22800,0,2.126091723,0.289541568,0.268992298,1.47925726,0.279808188,0
22830,0,0.289541568,0.268992298,1.47925726,0.279808188,0.271125074,0
22860,0,0.268992298,1.47925726,0.279808188,0.271125074,0.266638414,0
22890,0,1.47925726,0.279808188,0.271125074,0.266638414,1.14625866,0
22920,0,0.279808188,0.271125074,0.266638414,1.14625866,0.280959795,0
22950,0,0.271125074,0.266638414,1.14625866,0.280959795,0.269254864,0
22980,0,0.266638414,1.14625866,0.280959795,0.269254864,0.293383328,0
23010,0,1.14625866,0.280959795,0.269254864,0.293383328,0.296828936,0
23040,0,0.280959795,0.269254864,0.293383328,0.296828936,1.102585127,0
23070,0,0.269254864,0.293383328,0.296828936,1.102585127,0.289500111,0
23100,0,0.293383328,0.296828936,1.102585127,0.289500111,0.29700398,0
23130,0,0.296828936,1.102585127,0.289500111,0.29700398,0.5774801,0
23160,0,1.102585127,0.289500111,0.29700398,0.5774801,0.270530845,0
23190,0,0.289500111,0.29700398,0.5774801,0.270530845,0.276896927,0
23220,0,0.29700398,0.5774801,0.270530845,0.276896927,0.27606777,0
23250,0,0.5774801,0.270530845,0.276896927,0.27606777,0.543903855,0
23280,0,0.270530845,0.276896927,0.27606777,0.543903855,0.910713628,0
23310,0,0.276896927,0.27606777,0.543903855,0.910713628,0.27861973,0
23340,0,0.27606777,0.543903855,0.910713628,0.27861973,0.280600494,0
23370,0,0.543903855,0.910713628,0.27861973,0.280600494,0.2710007,0
23400,0,0.910713628,0.27861973,0.280600494,0.2710007,0.297367888,0
23430,0,0.27861973,0.280600494,0.2710007,0.297367888,0.275339954,1
23460,0,0.280600494,0.2710007,0.297367888,0.275339954,19.27760171,1
23490,0,0.2710007,0.297367888,0.275339954,19.27760171,0.442608527,1
23520,0,0.297367888,0.275339954,19.27760171,0.442608527,0.544599425,1
23550,0,0.275339954,19.27760171,0.442608527,0.544599425,2.73968621,1
23580,1,19.27760171,0.442608527,0.544599425,2.73968621,0.330925708,1
23610,1,0.442608527,0.544599425,2.73968621,0.330925708,0.354109854,1
23640,1,0.544599425,2.73968621,0.330925708,0.354109854,2.364838222,1
23670,1,2.73968621,0.330925708,0.354109854,2.364838222,0.281176297,1
23700,1,0.330925708,0.354109854,2.364838222,0.281176297,0.311118072,1
23730,1,0.354109854,2.364838222,0.281176297,0.311118072,0.305249484,1
23760,1,2.364838222,0.281176297,0.311118072,0.305249484,4.716654076,1
23790,1,0.281176297,0.311118072,0.305249484,4.716654076,21.40562353,1
23820,1,0.311118072,0.305249484,4.716654076,21.40562353,0.61321676,1
23850,1,0.305249484,4.716654076,21.40562353,0.61321676,0.560740345,1
23880,1,4.716654076,21.40562353,0.61321676,0.560740345,0.859817217,1
23910,1,21.40562353,0.61321676,0.560740345,0.859817217,0.857675228,1
23940,1,0.61321676,0.560740345,0.859817217,0.857675228,0.300288362,1
23970,1,0.560740345,0.859817217,0.857675228,0.300288362,0.891795032,1
24000,1,0.859817217,0.857675228,0.300288362,0.891795032,0.275197155,1
24030,1,0.857675228,0.300288362,0.891795032,0.275197155,11.10208763,1
24060,1,0.300288362,0.891795032,0.275197155,11.10208763,0.351986291,1
24090,1,0.891795032,0.275197155,11.10208763,0.351986291,0.297312611,1
24120,1,0.275197155,11.10208763,0.351986291,0.297312611,8.763625811,1
24150,1,11.10208763,0.351986291,0.297312611,8.763625811,0.265740161,1
24180,1,0.351986291,0.297312611,8.763625811,0.265740161,23.86722435,1
24210,1,0.297312611,8.763625811,0.265740161,23.86722435,18.59957713,1
24240,1,8.763625811,0.265740161,23.86722435,18.59957713,1.472112692,1
24270,1,0.265740161,23.86722435,18.59957713,1.472112692,0.370734449,1
24300,1,23.86722435,18.59957713,1.472112692,0.370734449,0.362161888,1
24330,1,18.59957713,1.472112692,0.370734449,0.362161888,0.333726415,1
24360,1,1.472112692,0.370734449,0.362161888,0.333726415,0.356288694,1
24390,1,0.370734449,0.362161888,0.333726415,0.356288694,0.380076282,1
24420,1,0.362161888,0.333726415,0.356288694,0.380076282,0.637276128,1
24450,1,0.333726415,0.356288694,0.380076282,0.637276128,0.636350236,1
24480,1,0.356288694,0.380076282,0.637276128,0.636350236,0.641173165,1
24510,1,0.380076282,0.637276128,0.636350236,0.641173165,0.478013524,1
24540,1,0.637276128,0.636350236,0.641173165,0.478013524,0.642089844,1
24570,1,0.636350236,0.641173165,0.478013524,0.642089844,0.64133439,1
24600,1,0.641173165,0.478013524,0.642089844,0.64133439,0.629818323,1
24630,1,0.478013524,0.642089844,0.64133439,0.629818323,0.582367519,1
24660,1,0.642089844,0.64133439,0.629818323,0.582367519,32.6994721,0
24690,1,0.64133439,0.629818323,0.582367519,32.6994721,2.09931917,0
24720,1,0.629818323,0.582367519,32.6994721,2.09931917,0.437997494,0
24750,1,0.582367519,32.6994721,2.09931917,0.437997494,0.320395416,0
24780,1,32.6994721,2.09931917,0.437997494,0.320395416,0.278522995,0
24810,0,2.09931917,0.437997494,0.320395416,0.278522995,0.273750737,0
24840,0,0.437997494,0.320395416,0.278522995,0.273750737,0.303379275,0
24870,0,0.320395416,0.278522995,0.273750737,0.303379275,0.289311247,0
24900,0,0.278522995,0.273750737,0.303379275,0.289311247,2.66151054,0
24930,0,0.273750737,0.303379275,0.289311247,2.66151054,0.268573113,0
24960,0,0.303379275,0.289311247,2.66151054,0.268573113,0.285990013,0
24990,0,0.289311247,2.66151054,0.268573113,0.285990013,0.276542232,0
25020,0,2.66151054,0.268573113,0.285990013,0.276542232,0.276919959,0
25050,0,0.268573113,0.285990013,0.276542232,0.276919959,0.29605045,0
25080,0,0.285990013,0.276542232,0.276919959,0.29605045,0.291255159,0
25110,0,0.276542232,0.276919959,0.29605045,0.291255159,1.73808778,0
25140,0,0.276919959,0.29605045,0.291255159,1.73808778,0.271539652,0
25170,0,0.29605045,0.291255159,1.73808778,0.271539652,0.568207363,0
25200,0,0.291255159,1.73808778,0.271539652,0.568207363,0.553793853,0
25230,0,1.73808778,0.271539652,0.568207363,0.553793853,0.279080373,0
25260,0,0.271539652,0.568207363,0.553793853,0.279080373,0.564084611,0
25290,0,0.568207363,0.553793853,0.279080373,0.564084611,0.558409493,0
25320,0,0.553793853,0.279080373,0.564084611,0.558409493,0.300205447,0
25350,0,0.279080373,0.564084611,0.558409493,0.300205447,0.892509029,0
25380,0,0.564084611,0.558409493,0.300205447,0.892509029,0.319865677,0
25410,0,0.558409493,0.300205447,0.892509029,0.319865677,0.325849425,0
25440,0,0.300205447,0.892509029,0.319865677,0.325849425,0.269858306,0
25470,0,0.892509029,0.319865677,0.325849425,0.269858306,0.296782871,0
25500,0,0.319865677,0.325849425,0.269858306,0.296782871,0.269738539,0
25530,0,0.325849425,0.269858306,0.296782871,0.269738539,1.476709906,0
25560,0,0.269858306,0.296782871,0.269738539,1.476709906,0.303452978,0
25590,0,0.296782871,0.269738539,1.476709906,0.303452978,0.280692622,0
25620,0,0.269738539,1.476709906,0.303452978,0.280692622,0.271530439,0
25650,0,1.476709906,0.303452978,0.280692622,0.271530439,0.265684884,0
25680,0,0.303452978,0.280692622,0.271530439,0.265684884,0.277196344,0
25710,0,0.280692622,0.271530439,0.265684884,0.277196344,0.277081184,0
25740,0,0.271530439,0.265684884,0.277196344,0.277081184,0.273262456,0
25770,0,0.265684884,0.277196344,0.277081184,0.273262456,0.292024432,0
25800,0,0.277196344,0.277081184,0.273262456,0.292024432,0.289992998,0
25830,0,0.277081184,0.273262456,0.292024432,0.289992998,0.573412625,0
25860,0,0.273262456,0.292024432,0.289992998,0.573412625,0.581883844,0
25890,0,0.292024432,0.289992998,0.573412625,0.581883844,0.584265367,0
25920,0,0.289992998,0.573412625,0.581883844,0.584265367,0.278762529,0
25950,0,0.573412625,0.581883844,0.584265367,0.278762529,0.267564306,0
25980,0,0.581883844,0.584265367,0.278762529,0.267564306,0.26998268,0
26010,0,0.584265367,0.278762529,0.267564306,0.26998268,0.295350273,0
26040,0,0.278762529,0.267564306,0.26998268,0.295350273,0.548127948,0
26070,0,0.267564306,0.26998268,0.295350273,0.548127948,0.87839033,0
26100,0,0.26998268,0.295350273,0.548127948,0.87839033,0.272958432,0
26130,0,0.295350273,0.548127948,0.87839033,0.272958432,0.2685639,0
26160,0,0.548127948,0.87839033,0.272958432,0.2685639,0.267513635,0
26190,0,0.87839033,0.272958432,0.2685639,0.267513635,0.291070902,0
26220,0,0.272958432,0.2685639,0.267513635,0.291070902,0.271806825,0
26250,0,0.2685639,0.267513635,0.291070902,0.271806825,0.274308115,0
26280,0,0.267513635,0.291070902,0.271806825,0.274308115,0.300610812,0
26310,0,0.291070902,0.271806825,0.274308115,0.300610812,0.283175486,0
26340,0,0.271806825,0.274308115,0.300610812,0.283175486,0.275409051,0
26370,0,0.274308115,0.300610812,0.283175486,0.275409051,0.29232385,0
26400,0,0.300610812,0.283175486,0.275409051,0.29232385,0.286791532,0
26430,0,0.283175486,0.275409051,0.29232385,0.286791532,0.278237397,0
26460,0,0.275409051,0.29232385,0.286791532,0.278237397,0.267919001,0
26490,0,0.29232385,0.286791532,0.278237397,0.267919001,0.271069797,0
26520,0,0.286791532,0.278237397,0.267919001,0.271069797,0.571906324,0
26550,0,0.278237397,0.267919001,0.271069797,0.571906324,0.271981869,0
26580,0,0.267919001,0.271069797,0.571906324,0.271981869,0.585135982,0
26610,0,0.271069797,0.571906324,0.271981869,0.585135982,0.853349794,0
26640,0,0.571906324,0.271981869,0.585135982,0.853349794,0.275436689,0
26670,0,0.271981869,0.585135982,0.853349794,0.275436689,0.26473596,0
26700,0,0.585135982,0.853349794,0.275436689,0.26473596,0.267863723,0
26730,0,0.853349794,0.275436689,0.26473596,0.267863723,0.571500958,0
26760,0,0.275436689,0.26473596,0.267863723,0.571500958,0.278352557,0
26790,0,0.26473596,0.267863723,0.571500958,0.278352557,0.615819391,0
26820,0,0.267863723,0.571500958,0.278352557,0.615819391,0.272691259,0
26850,0,0.571500958,0.278352557,0.615819391,0.272691259,0.269112065,0
26880,0,0.278352557,0.615819391,0.272691259,0.269112065,0.308064011,0
26910,0,0.615819391,0.272691259,0.269112065,0.308064011,0.280600494,0
26940,0,0.272691259,0.269112065,0.308064011,0.280600494,0.266960864,0
26970,0,0.269112065,0.308064011,0.280600494,0.266960864,0.26644955,0
27000,0,0.308064011,0.280600494,0.266960864,0.26644955,0.283037294,0
27030,0,0.280600494,0.266960864,0.26644955,0.283037294,0.274165315,0
27060,0,0.266960864,0.26644955,0.283037294,0.274165315,0.271940411,0
27090,0,0.26644955,0.283037294,0.274165315,0.271940411,0.289182267,0
27120,0,0.283037294,0.274165315,0.271940411,0.289182267,0.283714438,0
27150,0,0.274165315,0.271940411,0.289182267,0.283714438,0.274764151,0
27180,0,0.271940411,0.289182267,0.283714438,0.274764151,0.268536262,0
27210,0,0.289182267,0.283714438,0.274764151,0.268536262,0.273769163,0
27240,0,0.283714438,0.274764151,0.268536262,0.273769163,0.579248968,0
27270,0,0.274764151,0.268536262,0.273769163,0.579248968,0.280969008,0
27300,0,0.268536262,0.273769163,0.579248968,0.280969008,0.292029039,0
27330,0,0.273769163,0.579248968,0.280969008,0.292029039,0.290868219,0
27360,0,0.579248968,0.280969008,0.292029039,0.290868219,0.547492261,0
27390,0,0.280969008,0.292029039,0.290868219,0.547492261,0.557087448,0
27420,0,0.292029039,0.290868219,0.547492261,0.557087448,0.55781987,0
27450,0,0.290868219,0.547492261,0.557087448,0.55781987,0.556318175,0
27480,0,0.547492261,0.557087448,0.55781987,0.556318175,0.535340507,0
27510,0,0.557087448,0.55781987,0.556318175,0.535340507,0.877128169,0
27540,0,0.55781987,0.556318175,0.535340507,0.877128169,0.268213812,0
27570,0,0.556318175,0.535340507,0.877128169,0.268213812,0.269779997,0
27600,0,0.535340507,0.877128169,0.268213812,0.269779997,0.310887751,0
27630,0,0.877128169,0.268213812,0.269779997,0.310887751,0.27606777,0
27660,0,0.268213812,0.269779997,0.310887751,0.27606777,0.268605358,0
27690,0,0.269779997,0.310887751,0.27606777,0.268605358,0.26439969,0
27720,0,0.310887751,0.27606777,0.268605358,0.26439969,0.282894494,0
27750,0,0.27606777,0.268605358,0.26439969,0.282894494,0.268416495,1
27780,0,0.268605358,0.26439969,0.282894494,0.268416495,8.357394236,1
27810,0,0.26439969,0.282894494,0.268416495,8.357394236,2.320667195,1
27840,0,0.282894494,0.268416495,8.357394236,2.320667195,0.303637235,1
27870,0,0.268416495,8.357394236,2.320667195,0.303637235,0.275464328,1
27900,1,8.357394236,2.320667195,0.303637235,0.275464328,0.282521374,1
27930,1,2.320667195,0.303637235,0.275464328,0.282521374,0.286888267,1
27960,1,0.303637235,0.275464328,0.282521374,0.286888267,0.574029886,1
27990,1,0.275464328,0.282521374,0.286888267,0.574029886,0.259908424,1
28020,1,0.282521374,0.286888267,0.574029886,0.259908424,0.268665242,1
28050,1,0.286888267,0.574029886,0.259908424,0.268665242,0.273202572,1
28080,1,0.574029886,0.259908424,0.268665242,0.273202572,14.38009471,1
28110,1,0.259908424,0.268665242,0.273202572,14.38009471,1.473121499,1
28140,1,0.268665242,0.273202572,14.38009471,1.473121499,0.624028044,1
28170,1,0.273202572,14.38009471,1.473121499,0.624028044,0.700840212,1
28200,1,14.38009471,1.473121499,0.624028044,0.700840212,0.284566627,1
28230,1,1.473121499,0.624028044,0.700840212,0.284566627,0.4622273,1
28260,1,0.624028044,0.700840212,0.284566627,0.4622273,0.321100199,1
28290,1,0.700840212,0.284566627,0.4622273,0.321100199,9.668235923,1
28320,1,0.284566627,0.4622273,0.321100199,9.668235923,18.04978166,1
28350,1,0.4622273,0.321100199,9.668235923,18.04978166,2.410603073,1
28380,1,0.321100199,9.668235923,18.04978166,2.410603073,0.277951798,1
28410,1,9.668235923,18.04978166,2.410603073,0.277951798,2.354105248,1
28440,1,18.04978166,2.410603073,0.277951798,2.354105248,0.291531545,1
28470,1,2.410603073,0.277951798,2.354105248,0.291531545,0.280453088,1
28500,1,0.277951798,2.354105248,0.291531545,0.280453088,0.26646337,1
28530,1,2.354105248,0.291531545,0.280453088,0.26646337,1.296732201,1
28560,1,0.291531545,0.280453088,0.26646337,1.296732201,7.110720077,1
28590,1,0.280453088,0.26646337,1.296732201,7.110720077,0.657318691,1
28620,1,0.26646337,1.296732201,7.110720077,0.657318691,0.588047244,1
28650,1,1.296732201,7.110720077,0.657318691,0.588047244,0.580216318,1
28680,1,7.110720077,0.657318691,0.588047244,0.580216318,0.274980653,1
28710,1,0.657318691,0.588047244,0.580216318,0.274980653,0.528159088,1
28740,1,0.588047244,0.580216318,0.274980653,0.528159088,0.268867925,1
28770,1,0.580216318,0.274980653,0.528159088,0.268867925,0.291904665,1
28800,1,0.274980653,0.528159088,0.268867925,0.291904665,0.537123194,1
28830,1,0.528159088,0.268867925,0.291904665,0.537123194,0.613718861,1
28860,1,0.268867925,0.291904665,0.537123194,0.613718861,0.266343603,1
28890,1,0.291904665,0.537123194,0.613718861,0.266343603,0.260046617,1
28920,1,0.537123194,0.613718861,0.266343603,0.260046617,0.295184441,1
28950,1,0.613718861,0.266343603,0.260046617,0.295184441,0.270586122,1
28980,1,0.266343603,0.260046617,0.295184441,0.270586122,0.263888377,1
29010,1,0.260046617,0.295184441,0.270586122,0.263888377,0.25908848,1
29040,1,0.295184441,0.270586122,0.263888377,0.25908848,0.268987692,1
29070,1,0.270586122,0.263888377,0.25908848,0.268987692,0.264943249,1
29100,1,0.263888377,0.25908848,0.268987692,0.264943249,0.263584353,1
29130,1,0.25908848,0.268987692,0.264943249,0.263584353,0.287556198,1
29160,1,0.268987692,0.264943249,0.263584353,0.287556198,11.26757352,1
29190,1,0.264943249,0.263584353,0.287556198,11.26757352,0.390777012,1
29220,1,0.263584353,0.287556198,11.26757352,0.390777012,0.271751548,1
29250,1,0.287556198,11.26757352,0.390777012,0.271751548,0.327567622,1
29280,1,11.26757352,0.390777012,0.271751548,0.327567622,0.590751216,1
29310,1,0.390777012,0.271751548,0.327567622,0.590751216,0.557064416,1
29340,1,0.271751548,0.327567622,0.590751216,0.557064416,0.85802071,1
29370,1,0.327567622,0.590751216,0.557064416,0.85802071,3.897705078,1
29400,1,0.590751216,0.557064416,0.85802071,3.897705078,0.299270342,1
29430,1,0.557064416,0.85802071,3.897705078,0.299270342,0.902366782,1
29460,1,0.85802071,3.897705078,0.299270342,0.902366782,0.582892652,1
29490,1,3.897705078,0.299270342,0.902366782,0.582892652,0.572072155,1
29520,1,0.299270342,0.902366782,0.582892652,0.572072155,0.277306899,1
29550,1,0.902366782,0.582892652,0.572072155,0.277306899,0.535497126,1
29580,1,0.582892652,0.572072155,0.277306899,0.535497126,7.673206257,1
29610,1,0.572072155,0.277306899,0.535497126,7.673206257,0.310316554,1
29640,1,0.277306899,0.535497126,7.673206257,0.310316554,0.316069981,1
29670,1,0.535497126,7.673206257,0.310316554,0.316069981,0.305940448,1
29700,1,7.673206257,0.310316554,0.316069981,0.305940448,0.287537773,1
29730,1,0.310316554,0.316069981,0.305940448,0.287537773,0.307907392,1
29760,1,0.316069981,0.305940448,0.287537773,0.307907392,0.401482348,1
29790,1,0.305940448,0.287537773,0.307907392,0.401482348,0.290651717,1
29820,1,0.287537773,0.307907392,0.401482348,0.290651717,0.310611365,1
29850,1,0.307907392,0.401482348,0.290651717,0.310611365,0.311012124,1
29880,1,0.401482348,0.290651717,0.310611365,0.311012124,6.004495873,1
29910,1,0.290651717,0.310611365,0.311012124,6.004495873,0.637400501,1
29940,1,0.310611365,0.311012124,6.004495873,0.637400501,0.613709648,1
29970,1,0.311012124,6.004495873,0.637400501,0.613709648,0.303310178,1
30000,1,6.004495873,0.637400501,0.613709648,0.303310178,0.277389814,1
30030,1,0.637400501,0.613709648,0.303310178,0.277389814,13.88126013,1
30060,1,0.613709648,0.303310178,0.277389814,13.88126013,0.307916605,1
30090,1,0.303310178,0.277389814,13.88126013,0.307916605,0.556649838,1
30120,1,0.277389814,13.88126013,0.307916605,0.556649838,0.634761019,1
30150,1,13.88126013,0.307916605,0.556649838,0.634761019,0.279020489,1
30180,1,0.307916605,0.556649838,0.634761019,0.279020489,0.271806825,1
30210,1,0.556649838,0.634761019,0.279020489,0.271806825,0.460131375,1
30240,1,0.634761019,0.279020489,0.271806825,0.460131375,0.28079857,1
30270,1,0.279020489,0.271806825,0.460131375,0.28079857,0.276809404,1
30300,1,0.271806825,0.460131375,0.28079857,0.276809404,0.327751879,1
30330,1,0.460131375,0.28079857,0.276809404,0.327751879,0.285460274,1
30360,1,0.28079857,0.276809404,0.327751879,0.285460274,0.275851268,1
30390,1,0.276809404,0.327751879,0.285460274,0.275851268,0.29989221,1
30420,1,0.327751879,0.285460274,0.275851268,0.29989221,0.285616893,1
30450,1,0.285460274,0.275851268,0.29989221,0.285616893,0.27676334,1
30480,1,0.275851268,0.29989221,0.285616893,0.27676334,0.267375442,1
30510,1,0.29989221,0.285616893,0.27676334,0.267375442,0.273700066,1
30540,1,0.285616893,0.27676334,0.267375442,0.273700066,0.283373563,1
30570,1,0.27676334,0.267375442,0.273700066,0.283373563,0.570160488,1
30600,1,0.267375442,0.273700066,0.283373563,0.570160488,0.678466797,1
30630,1,0.273700066,0.283373563,0.570160488,0.678466797,0.586494878,1
30660,1,0.283373563,0.570160488,0.678466797,0.586494878,0.541273585,1
30690,1,0.570160488,0.678466797,0.586494878,0.541273585,16.84501677,1
30720,1,0.678466797,0.586494878,0.541273585,16.84501677,0.834997789,1
30750,1,0.586494878,0.541273585,16.84501677,0.834997789,0.619730248,1
30780,1,0.541273585,16.84501677,0.834997789,0.619730248,0.280821602,1
30810,1,16.84501677,0.834997789,0.619730248,0.280821602,12.48406637,1
30840,1,0.834997789,0.619730248,0.280821602,12.48406637,16.67293908,1
30870,1,0.619730248,0.280821602,12.48406637,16.67293908,0.367224351,1
30900,1,0.280821602,12.48406637,16.67293908,0.367224351,0.337425376,1
30930,1,12.48406637,16.67293908,0.367224351,0.337425376,0.295571381,1
30960,1,16.67293908,0.367224351,0.337425376,0.295571381,8.927665279,1
30990,1,0.367224351,0.337425376,0.295571381,8.927665279,1.588024211,1
31020,1,0.337425376,0.295571381,8.927665279,1.588024211,16.00109633,1
31050,1,0.295571381,8.927665279,1.588024211,16.00109633,0.300168595,1
31080,1,8.927665279,1.588024211,16.00109633,0.300168595,0.274929982,1
31110,1,1.588024211,16.00109633,0.300168595,0.274929982,0.302688311,1
31140,1,16.00109633,0.300168595,0.274929982,0.302688311,0.288518942,1
31170,1,0.300168595,0.274929982,0.302688311,0.288518942,0.285317475,1
31200,1,0.274929982,0.302688311,0.288518942,0.285317475,0.287307451,1
31230,1,0.302688311,0.288518942,0.285317475,0.287307451,0.294078899,1
31260,1,0.288518942,0.285317475,0.287307451,0.294078899,0.56961693,1
31290,1,0.285317475,0.287307451,0.294078899,0.56961693,0.268094045,1
31320,1,0.287307451,0.294078899,0.56961693,0.268094045,0.27311505,1
31350,1,0.294078899,0.56961693,0.268094045,0.27311505,0.281535598,1
31380,1,0.56961693,0.268094045,0.27311505,0.281535598,0.546469634,1
31410,1,0.268094045,0.27311505,0.281535598,0.546469634,0.903421654,1
31440,1,0.27311505,0.281535598,0.546469634,0.903421654,4.514666863,1
31470,1,0.281535598,0.546469634,0.903421654,4.514666863,1.232320534,1
31500,1,0.546469634,0.903421654,4.514666863,1.232320534,0.266467976,1
31530,1,0.903421654,4.514666863,1.232320534,0.266467976,0.613433262,1
31560,1,4.514666863,1.232320534,0.266467976,0.613433262,0.5361236,1
31590,1,1.232320534,0.266467976,0.613433262,0.5361236,0.288468271,1
31620,1,0.266467976,0.613433262,0.5361236,0.288468271,2.23968621,1
31650,1,0.613433262,0.5361236,0.288468271,2.23968621,0.29180793,1
31680,1,0.5361236,0.288468271,2.23968621,0.29180793,0.376520121,1
31710,1,0.288468271,2.23968621,0.29180793,0.376520121,1.695390809,1
31740,1,2.23968621,0.29180793,0.376520121,1.695390809,1.517343197,1
31770,1,0.29180793,0.376520121,1.695390809,1.517343197,2.545483859,1
31800,1,0.376520121,1.695390809,1.517343197,2.545483859,0.268006523,1
31830,1,1.695390809,1.517343197,2.545483859,0.268006523,0.353211601,1
31860,1,1.517343197,2.545483859,0.268006523,0.353211601,0.660662957,1
31890,1,2.545483859,0.268006523,0.353211601,0.660662957,1.739382186,1
31920,1,0.268006523,0.353211601,0.660662957,1.739382186,1.330091944,1
31950,1,0.353211601,0.660662957,1.739382186,1.330091944,2.283378169,1
